model,mse,mae,rmse,r2,rel_err_pct,quant_weights,quant_act,w_l2_err,act_mse_vs_fp32
FP32_ReLU,0.0004160443786531687,0.01617410220205784,0.020397165946600737,0.9972131206921065,411.64328276736006,False,False,0.0,
FP32_PolyDeg2,0.002452319487929344,0.03758211061358452,0.049520899506464384,0.9835731023229336,1343.3456526731534,False,False,0.0,0.0021768175065517426
FP32_PolyDeg3,0.0015103064943104982,0.029511552304029465,0.03886266195605363,0.9898831903427645,1106.260622308764,False,False,0.0,0.0012760236859321594
FP32_PolyDeg4,0.0014787660911679268,0.02896399237215519,0.038454727812948133,0.990094463878994,1069.74540947562,False,False,0.0,0.001218276796862483
INT8W_ReLU,0.0004371249524410814,0.01698799803853035,0.020907533389691892,0.9970719121236841,356.45498595494223,True,False,0.02476308225142555,4.448900654097088e-05
INT8WA_ReLU,0.00045475372462533414,0.01726238988339901,0.02132495544251697,0.9969538255373854,374.7546252373902,True,True,0.02476308225142555,4.53113934781868e-05
INT8W_PolyDeg3,0.0021805563010275364,0.03556105121970177,0.0466964270691831,0.985393512597972,1059.3366550484252,True,False,0.029671207246358924,0.0016212696209549904
INT8WA_PolyDeg3,0.0022217719815671444,0.03567850589752197,0.04713567631388293,0.9851174275160749,1063.7952060219231,True,True,0.029671207246358924,0.0016755715478211641
