{
  "deg_2": {
    "mse": 0.021038762381518757,
    "mae": 0.12419945871028913,
    "max_err": 0.33712145317719155,
    "coeffs": [
      0.33717042257446017,
      0.47037682501438743,
      0.11276996419882138
    ],
    "hw_adders": 2,
    "hw_multipliers": 1
  },
  "deg_3": {
    "mse": 0.003430876073953018,
    "mae": 0.04789353484774021,
    "max_err": 0.1808996759764927,
    "coeffs": [
      0.18095064589582666,
      0.44865868551553356,
      0.2523111515865344,
      0.03927230793691622
    ],
    "hw_adders": 3,
    "hw_multipliers": 2
  },
  "deg_4": {
    "mse": 0.003229260286088792,
    "mae": 0.04308648687595191,
    "max_err": 0.1744735353104847,
    "coeffs": [
      0.17452708655686283,
      0.42071464756743343,
      0.2570776953911268,
      0.053257016969499145,
      0.0029518800675484135
    ],
    "hw_adders": 4,
    "hw_multipliers": 3
  }
}